{"cameraMode":{"drawMode":0,"name":"Shaded","section":"Shading Mode"},"sceneLighting":true,"audioPlay":false,"sceneViewState":{"m_AlwaysRefresh":false,"showFog":true,"showSkybox":true,"showFlares":true,"showImageEffects":true,"showParticleSystems":true,"showVisualEffectGraphs":true,"m_FxEnabled":true},"in2DMode":false,"pivot":{"x":-24.493507385253908,"y":15.466630935668946,"z":13.414288520812989},"rotation":{"x":0.28462737798690798,"y":0.6335282325744629,"z":-0.27046912908554079,"w":0.6666918992996216},"size":7.941755294799805,"orthographic":false}