{"cameraMode":{"drawMode":0,"name":"Shaded","section":"Shading Mode"},"sceneLighting":true,"audioPlay":false,"sceneViewState":{"m_AlwaysRefresh":false,"showFog":true,"showSkybox":true,"showFlares":true,"showImageEffects":true,"showParticleSystems":true,"showVisualEffectGraphs":true,"m_FxEnabled":true},"in2DMode":false,"pivot":{"x":0.1544940322637558,"y":6.739256858825684,"z":11.307459831237793},"rotation":{"x":0.19293776154518128,"y":0.437334805727005,"z":-0.09664544463157654,"w":0.8730307221412659},"size":0.4108888804912567,"orthographic":false}